Type 1,number,Total_values
Bug,12,1298.6000000000001
Ground,8,1382.0249999999999
Psychic,6,1466.4000000000003
Ghost,3,1497.4000000000003
Normal,22,1522.2818181818184
Electric,8,1637.425
Rock,9,1665.6222222222225
Poison,14,1666.1142857142859
Fighting,7,1700.2571428571428
Water,28,1757.55
Ice,1,1820.0
Grass,12,1919.3166666666664
Fairy,2,1925.1
Fire,11,2016.5636363636365
Dragon,3,2182.3333333333335
